{"cameraMode":{"drawMode":0,"name":"Shaded","section":"Shading Mode"},"sceneLighting":true,"audioPlay":false,"sceneViewState":{"showFog":true,"showMaterialUpdate":false,"showSkybox":true,"showFlares":true,"showImageEffects":true,"showParticleSystems":true},"in2DMode":false,"pivot":{"x":-5.018594741821289,"y":1.95265531539917,"z":-3.9516725540161135},"rotation":{"x":-0.025339532643556596,"y":0.9709492325782776,"z":-0.20574550330638886,"w":-0.11973852664232254},"size":9.889277458190918,"orthographic":false}